Attack,Round,Candidate,num_correction_pairs,max_line_search_iterations,tolerance,f_relative_tolerance,init_step_size,final_step_size,alpha,Image,Client,Input MSE,Input PSNR,Input SSIM
InvertingGradients,1,1,,,,,0.05,0.003,1e-14,0,1,0.03446849063038826,14.625776290893555,0.564009428024292
InvertingGradients,1,2,,,,,0.05,0.003,1e-10,0,1,0.02807706594467163,15.51648235321045,0.5723983645439148
InvertingGradients,1,3,,,,,0.05,0.003,1e-06,0,1,0.040023814886808395,13.976814270019531,0.4306882619857788
InvertingGradients,1,4,,,,,0.05,0.01,1e-14,0,1,0.030774809420108795,15.118045806884766,0.587287425994873
InvertingGradients,1,5,,,,,0.05,0.01,1e-10,0,1,0.024053113535046577,16.18828582763672,0.6046209931373596
InvertingGradients,1,6,,,,,0.05,0.01,1e-06,0,1,0.033212821930646896,14.786942481994629,0.49068084359169006
InvertingGradients,1,7,,,,,0.05,0.03,1e-14,0,1,0.026816129684448242,15.716038703918457,0.6104963421821594
InvertingGradients,1,8,,,,,0.05,0.03,1e-10,0,1,0.018269991502165794,17.38261604309082,0.6473459005355835
InvertingGradients,1,9,,,,,0.05,0.03,1e-06,0,1,0.021518448367714882,16.671890258789062,0.6052388548851013
InvertingGradients,1,10,,,,,0.1,0.003,1e-14,0,1,0.027307016775012016,15.637255668640137,0.6130505204200745
InvertingGradients,1,11,,,,,0.1,0.003,1e-10,0,1,0.0164177343249321,17.846866607666016,0.6706669330596924
InvertingGradients,1,12,,,,,0.1,0.003,1e-06,0,1,0.017443999648094177,17.583538055419922,0.6563770771026611
InvertingGradients,1,13,,,,,0.1,0.01,1e-14,0,1,0.028881147503852844,15.393854141235352,0.5930213332176208
InvertingGradients,1,14,,,,,0.1,0.01,1e-10,0,1,0.015864038839936256,17.99586296081543,0.6802327632904053
InvertingGradients,1,15,,,,,0.1,0.01,1e-06,0,1,0.016301630064845085,17.877689361572266,0.6674080491065979
InvertingGradients,1,16,,,,,0.1,0.03,1e-14,0,1,0.028410902246832848,15.465149879455566,0.5977120995521545
InvertingGradients,1,17,,,,,0.1,0.03,1e-10,0,1,0.014839597046375275,18.285778045654297,0.6836561560630798
InvertingGradients,1,18,,,,,0.1,0.03,1e-06,0,1,0.015001625753939152,18.238616943359375,0.6723220944404602
InvertingGradients,1,19,,,,,0.2,0.003,1e-14,0,1,0.04513333737850189,13.455024719238281,0.4838218688964844
InvertingGradients,1,20,,,,,0.2,0.003,1e-10,0,1,0.01332787424325943,18.752391815185547,0.6914610862731934
InvertingGradients,1,21,,,,,0.2,0.003,1e-06,0,1,0.01316786278039217,18.804845809936523,0.6954157948493958
InvertingGradients,1,22,,,,,0.2,0.01,1e-14,0,1,0.04427666589617729,13.538250923156738,0.48476314544677734
InvertingGradients,1,23,,,,,0.2,0.01,1e-10,0,1,0.013234796933829784,18.782827377319336,0.6934504508972168
InvertingGradients,1,24,,,,,0.2,0.01,1e-06,0,1,0.01336121279746294,18.741539001464844,0.6936553120613098
InvertingGradients,1,25,,,,,0.2,0.03,1e-14,0,1,0.04327639937400818,13.63748836517334,0.4900635778903961
InvertingGradients,1,26,,,,,0.2,0.03,1e-10,0,1,0.013363215140998363,18.740888595581055,0.6918959617614746
InvertingGradients,1,27,,,,,0.2,0.03,1e-06,0,1,0.013392415829002857,18.731409072875977,0.6889979243278503
InvertingGradients,2,1,,,,,0.020000000000000004,0.00030000000000000003,1e-07,0,1,0.08626395463943481,10.641705513000488,0.11506641656160355
InvertingGradients,2,2,,,,,0.020000000000000004,0.00030000000000000003,1e-06,0,1,0.08058326691389084,10.93755054473877,0.1337217539548874
InvertingGradients,2,3,,,,,0.020000000000000004,0.00030000000000000003,9.999999999999999e-06,0,1,0.08120919018983841,10.903947830200195,0.12888309359550476
InvertingGradients,2,4,,,,,0.020000000000000004,0.003,1e-07,0,1,0.07833974063396454,11.06017780303955,0.16511903703212738
InvertingGradients,2,5,,,,,0.020000000000000004,0.003,1e-06,0,1,0.07562164217233658,11.21353816986084,0.15582604706287384
InvertingGradients,2,6,,,,,0.020000000000000004,0.003,9.999999999999999e-06,0,1,0.07608580589294434,11.186963081359863,0.15431177616119385
InvertingGradients,2,7,,,,,0.2,0.00030000000000000003,1e-07,0,1,0.01350385695695877,18.69542121887207,0.6877874732017517
InvertingGradients,2,8,,,,,0.2,0.00030000000000000003,1e-06,0,1,0.013298806734383106,18.761871337890625,0.6893134713172913
InvertingGradients,2,9,,,,,0.2,0.00030000000000000003,9.999999999999999e-06,0,1,0.013603545725345612,18.663476943969727,0.6886832118034363
InvertingGradients,2,10,,,,,0.2,0.003,1e-07,0,1,0.013471808284521103,18.705739974975586,0.6899094581604004
InvertingGradients,2,11,,,,,0.2,0.003,1e-06,0,1,0.01316786278039217,18.804845809936523,0.6954157948493958
InvertingGradients,2,12,,,,,0.2,0.003,9.999999999999999e-06,0,1,0.013285505585372448,18.766218185424805,0.691169798374176
InvertingGradients,2,13,,,,,0.2,0.03,1e-07,0,1,0.013282186351716518,18.767303466796875,0.6888381838798523
InvertingGradients,2,14,,,,,0.2,0.03,1e-06,0,1,0.013392415829002857,18.731409072875977,0.6889979243278503
InvertingGradients,2,15,,,,,0.2,0.03,9.999999999999999e-06,0,1,0.013451263308525085,18.712369918823242,0.6915637850761414
InvertingGradients,2,16,,,,,2.0,0.00030000000000000003,1e-07,0,1,0.012947428971529007,18.878164291381836,0.6931323409080505
InvertingGradients,2,17,,,,,2.0,0.00030000000000000003,1e-06,0,1,0.012929295189678669,18.88425064086914,0.6851754784584045
InvertingGradients,2,18,,,,,2.0,0.00030000000000000003,9.999999999999999e-06,0,1,0.013272431679069996,18.77049446105957,0.6856548190116882
InvertingGradients,2,19,,,,,2.0,0.003,1e-07,0,1,0.012886873446404934,18.89852523803711,0.688934862613678
InvertingGradients,2,20,,,,,2.0,0.003,1e-06,0,1,0.012940231710672379,18.880578994750977,0.6865028738975525
InvertingGradients,2,21,,,,,2.0,0.003,9.999999999999999e-06,0,1,0.013154424726963043,18.809280395507812,0.6861495971679688
InvertingGradients,2,22,,,,,2.0,0.03,1e-07,0,1,0.01279336679726839,18.930150985717773,0.6938645243644714
InvertingGradients,2,23,,,,,2.0,0.03,1e-06,0,1,0.013023491017520428,18.852724075317383,0.6846879124641418
InvertingGradients,2,24,,,,,2.0,0.03,9.999999999999999e-06,0,1,0.013070103712379932,18.837207794189453,0.6864611506462097
InvertingGradients,3,1,,,,,0.2,0.003,1e-08,0,1,0.013716824352741241,18.62746238708496,0.6879787445068359
InvertingGradients,3,2,,,,,0.2,0.003,1e-07,0,1,0.013471808284521103,18.705739974975586,0.6899094581604004
InvertingGradients,3,3,,,,,0.2,0.003,1e-06,0,1,0.01316786278039217,18.804845809936523,0.6954157948493958
InvertingGradients,3,4,,,,,0.2,0.03,1e-08,0,1,0.0132096903398633,18.791072845458984,0.6940733790397644
InvertingGradients,3,5,,,,,0.2,0.03,1e-07,0,1,0.013282186351716518,18.767303466796875,0.6888381838798523
InvertingGradients,3,6,,,,,0.2,0.03,1e-06,0,1,0.013392415829002857,18.731409072875977,0.6889979243278503
InvertingGradients,3,7,,,,,2.0,0.003,1e-08,0,1,0.012758751399815083,18.941917419433594,0.6913997530937195
InvertingGradients,3,8,,,,,2.0,0.003,1e-07,0,1,0.012886873446404934,18.89852523803711,0.688934862613678
InvertingGradients,3,9,,,,,2.0,0.003,1e-06,0,1,0.012940231710672379,18.880578994750977,0.6865028738975525
InvertingGradients,3,10,,,,,2.0,0.03,1e-08,0,1,0.012692834250628948,18.964414596557617,0.6954664587974548
InvertingGradients,3,11,,,,,2.0,0.03,1e-07,0,1,0.01279336679726839,18.930150985717773,0.6938645243644714
InvertingGradients,3,12,,,,,2.0,0.03,1e-06,0,1,0.013023491017520428,18.852724075317383,0.6846879124641418
InvertingGradients,3,13,,,,,2.0,0.3,1e-08,0,1,0.013473033905029297,18.705345153808594,0.6550607681274414
InvertingGradients,3,14,,,,,2.0,0.3,1e-07,0,1,0.013313631527125835,18.757034301757812,0.6702184677124023
InvertingGradients,3,15,,,,,2.0,0.3,1e-06,0,1,0.013263636268675327,18.773372650146484,0.6653211116790771
InvertingGradients,3,16,,,,,20.0,0.003,1e-08,0,1,0.30194881558418274,5.200666427612305,0.026208549737930298
InvertingGradients,3,17,,,,,20.0,0.003,1e-07,0,1,0.29596349596977234,5.287618160247803,0.061095695942640305
InvertingGradients,3,18,,,,,20.0,0.003,1e-06,0,1,0.3041192591190338,5.16956090927124,0.058212991803884506
InvertingGradients,3,19,,,,,20.0,0.03,1e-08,0,1,0.3019523322582245,5.200615882873535,0.02619430236518383
InvertingGradients,3,20,,,,,20.0,0.03,1e-07,0,1,0.2959601879119873,5.2876667976379395,0.061093520373106
InvertingGradients,3,21,,,,,20.0,0.03,1e-06,0,1,0.3041192591190338,5.16956090927124,0.058212991803884506
InvertingGradients,3,22,,,,,20.0,0.3,1e-08,0,1,0.301880806684494,5.2016448974609375,0.02618362195789814
InvertingGradients,3,23,,,,,20.0,0.3,1e-07,0,1,0.29596272110939026,5.287630081176758,0.061086107045412064
InvertingGradients,3,24,,,,,20.0,0.3,1e-06,0,1,0.3041192591190338,5.16956090927124,0.058212991803884506
