Algorithm,Attack,Image,Run,Client,Input MSE,Input PSNR,Input SSIM
FedAvg,DLG,0,0,1,0.018414892256259918,17.34830665588379,0.7177280783653259
FedAvg,DLG,1,0,1,0.010583777911961079,19.753591537475586,0.44366922974586487
FedAvg,DLG,2,0,1,0.021527014672756195,16.6701602935791,0.61329585313797
FedAvg,DLG,3,0,1,0.014937699772417545,18.25716209411621,0.430940717458725
FedAvg,DLG,4,0,1,0.026383476331830025,15.786678314208984,0.7139562964439392
FedAvg,DLG,5,0,1,0.020168637856841087,16.95323371887207,0.44597649574279785
FedAvg,DLG,6,0,1,0.011616195552051067,19.349361419677734,0.549818754196167
FedAvg,DLG,7,0,1,0.016739076003432274,17.762683868408203,0.6639057397842407
FedAvg,DLG,8,0,1,0.013775523751974106,18.608919143676758,0.7605035901069641
FedAvg,DLG,9,0,1,0.019515497609972954,17.096202850341797,0.7458370327949524
FedPer(K_p=1),DLG,0,0,1,0.018480209633708,17.332929611206055,0.7195364832878113
FedPer(K_p=1),DLG,1,0,1,0.010813967324793339,19.66014862060547,0.43997061252593994
FedPer(K_p=1),DLG,2,0,1,0.016829034313559532,17.73940658569336,0.6435181498527527
FedPer(K_p=1),DLG,3,0,1,0.015039660036563873,18.22762107849121,0.43383336067199707
FedPer(K_p=1),DLG,4,0,1,0.02579648047685623,15.884394645690918,0.7198864817619324
FedPer(K_p=1),DLG,5,0,1,0.1960655003786087,7.075988292694092,0.05403284355998039
FedPer(K_p=1),DLG,6,0,1,0.010092909447848797,19.959835052490234,0.5879753232002258
FedPer(K_p=1),DLG,7,0,1,0.016863033175468445,17.730642318725586,0.66347336769104
FedPer(K_p=1),DLG,8,0,1,0.01374064665287733,18.61992645263672,0.7637349963188171
FedPer(K_p=1),DLG,9,0,1,0.021409377455711365,16.693958282470703,0.7338082194328308
FedPer(K_p=2),DLG,0,0,1,0.018480209633708,17.332929611206055,0.7195364832878113
FedPer(K_p=2),DLG,1,0,1,0.010813967324793339,19.66014862060547,0.43997061252593994
FedPer(K_p=2),DLG,2,0,1,0.016829034313559532,17.73940658569336,0.6435181498527527
FedPer(K_p=2),DLG,3,0,1,0.015039660036563873,18.22762107849121,0.43383336067199707
FedPer(K_p=2),DLG,4,0,1,0.02579648047685623,15.884394645690918,0.7198864817619324
FedPer(K_p=2),DLG,5,0,1,0.1960655003786087,7.075988292694092,0.05403284355998039
FedPer(K_p=2),DLG,6,0,1,0.010092909447848797,19.959835052490234,0.5879753232002258
FedPer(K_p=2),DLG,7,0,1,0.016863033175468445,17.730642318725586,0.66347336769104
FedPer(K_p=2),DLG,8,0,1,0.01374064665287733,18.61992645263672,0.7637349963188171
FedPer(K_p=2),DLG,9,0,1,0.021409377455711365,16.693958282470703,0.7338082194328308
FedPer(K_p=3),DLG,0,0,1,0.02164037525653839,16.64735221862793,0.6794134974479675
FedPer(K_p=3),DLG,1,0,1,0.011676999740302563,19.32668685913086,0.4392111301422119
FedPer(K_p=3),DLG,2,0,1,0.02528022788465023,15.972189903259277,0.6140274405479431
FedPer(K_p=3),DLG,3,0,1,0.01318617444485426,18.798810958862305,0.44018223881721497
FedPer(K_p=3),DLG,4,0,1,0.03516770526766777,14.538558959960938,0.6101495623588562
FedPer(K_p=3),DLG,5,0,1,0.023536570370197296,16.282567977905273,0.44545507431030273
FedPer(K_p=3),DLG,6,0,1,0.00999952107667923,20.000205993652344,0.5925891995429993
FedPer(K_p=3),DLG,7,0,1,0.018862133845686913,17.244091033935547,0.658592700958252
FedPer(K_p=3),DLG,8,0,1,0.017289118841290474,17.622270584106445,0.6998453140258789
FedPer(K_p=3),DLG,9,0,1,0.024279413744807243,16.14761734008789,0.7008493542671204
FedPer(K_p=4),DLG,0,0,1,0.0643911138176918,11.91174030303955,0.4023045599460602
FedPer(K_p=4),DLG,1,0,1,0.033783044666051865,14.713010787963867,0.192119300365448
FedPer(K_p=4),DLG,2,0,1,0.0871603861451149,10.596807479858398,0.32433703541755676
FedPer(K_p=4),DLG,3,0,1,0.10526084899902344,9.77733039855957,0.16025759279727936
FedPer(K_p=4),DLG,4,0,1,0.10858035832643509,9.642486572265625,0.3110339343547821
FedPer(K_p=4),DLG,5,0,1,0.1564277559518814,8.05686092376709,0.1614772528409958
FedPer(K_p=4),DLG,6,0,1,0.03518002852797508,14.53703784942627,0.253161758184433
FedPer(K_p=4),DLG,7,0,1,0.07129017263650894,11.46970272064209,0.2950439453125
FedPer(K_p=4),DLG,8,0,1,0.048280488699674606,13.162282943725586,0.43803271651268005
FedPer(K_p=4),DLG,9,0,1,0.142930269241333,8.448758125305176,0.39801523089408875
Per-FedAvg(FO),DLG,0,0,1,0.09918880462646484,10.03537368774414,0.03342650830745697
Per-FedAvg(FO),DLG,1,0,1,0.03730915114283562,14.281846046447754,0.13441678881645203
Per-FedAvg(FO),DLG,2,0,1,0.2842418849468231,5.463119029998779,0.019547997042536736
Per-FedAvg(FO),DLG,3,0,1,0.26552125811576843,5.759006977081299,0.0007699194247834384
Per-FedAvg(FO),DLG,4,0,1,0.3179973363876343,4.975764274597168,0.01988120935857296
Per-FedAvg(FO),DLG,5,0,1,0.17978475987911224,7.452470302581787,0.042546022683382034
Per-FedAvg(FO),DLG,6,0,1,0.04510318115353584,13.457926750183105,0.03614310547709465
Per-FedAvg(FO),DLG,7,0,1,0.08982360363006592,10.466094970703125,0.02633197419345379
Per-FedAvg(FO),DLG,8,0,1,0.26715368032455444,5.732388496398926,0.06780832260847092
Per-FedAvg(FO),DLG,9,0,1,0.2995069921016693,5.235929489135742,0.031244127079844475
Per-FedAvg(HF),DLG,0,0,1,0.09918880462646484,10.03537368774414,0.03343094885349274
Per-FedAvg(HF),DLG,1,0,1,0.2756747007369995,5.596031188964844,0.013825598172843456
Per-FedAvg(HF),DLG,2,0,1,0.28969278931617737,5.380622863769531,0.02127940021455288
Per-FedAvg(HF),DLG,3,0,1,0.13320858776569366,8.754677772521973,0.06582359224557877
Per-FedAvg(HF),DLG,4,0,1,0.32084229588508606,4.937082767486572,0.013745867647230625
Per-FedAvg(HF),DLG,5,0,1,0.30243656039237976,5.193656921386719,-0.010634228587150574
Per-FedAvg(HF),DLG,6,0,1,0.0451035238802433,13.457893371582031,0.036141447722911835
Per-FedAvg(HF),DLG,7,0,1,0.0898241177201271,10.466070175170898,0.026325618848204613
Per-FedAvg(HF),DLG,8,0,1,0.26987966895103455,5.68829870223999,0.05538749694824219
Per-FedAvg(HF),DLG,9,0,1,0.18973232805728912,7.21858549118042,0.0438055545091629
Per-FedAvg(HVP),DLG,0,0,1,0.3334156572818756,4.770139217376709,0.015378112904727459
Per-FedAvg(HVP),DLG,1,0,1,0.037309203296899796,14.281840324401855,0.13441817462444305
Per-FedAvg(HVP),DLG,2,0,1,0.29281044006347656,5.334135055541992,0.020875053480267525
Per-FedAvg(HVP),DLG,3,0,1,0.13320858776569366,8.754677772521973,0.06582361459732056
Per-FedAvg(HVP),DLG,4,0,1,0.321779727935791,4.924412727355957,0.013948768377304077
Per-FedAvg(HVP),DLG,5,0,1,0.30171331763267517,5.204054832458496,-0.010786685161292553
Per-FedAvg(HVP),DLG,6,0,1,0.0451035238802433,13.457893371582031,0.03614130616188049
Per-FedAvg(HVP),DLG,7,0,1,0.08982429653406143,10.46606159210205,0.026326961815357208
Per-FedAvg(HVP),DLG,8,0,1,0.2699638307094574,5.686944007873535,0.055361706763505936
Per-FedAvg(HVP),DLG,9,0,1,0.3380926549434662,4.70964241027832,0.01250032614916563
